description;label
Biorę głęboki wdech;coma
które od bólu łzami pękną;coma
Hej, hej śmiejmy się rozwalmy te budę!;czadoman
Wyświecone pod nosem;coma
jestem dziś;czadoman
bo ta impreza to nie byle co;czadoman
DJ wrzuca płytę balet rozpoczyna;czadoman
Co Blondi ze mną robi, jak jej chodzą nogi;czadoman
ja jestem twoim czadoman’en;czadoman
Na istnienie;coma
Bo to jest miłość;czadoman
Popatrz mam, mam na życie bilet;czadoman
Może zrodzi się pytanie - Czemu kocham Cię aż tak ?;coma
Czy tego chcesz czy nie chcesz,;coma
Największy stworzeń;coma
gdy jesteśmy blisko;czadoman
One, to one,;czadoman
Oto Cisza i ogień - wytchnienie mimo spraw.;coma
Na niej myśli złe i wyschnięta łza;czadoman
Jaaaaaaaaaaa;coma
Ile już lat pochłaniałem treść;coma
Czekam i czekam, a ktoś zabija ten świat;czadoman
Od wschodu wnikł.;coma
Jeżeli jesteś;coma
Klamka opadła,ktoś mi otwiera;czadoman
co tu robić Panie Boże, żeby zostać młodą?;coma
zatańcz ze mną;czadoman
Spotkać z Tobą się w realu;czadoman
Jutro nie zostanie po nim ślad;coma
Wszyscy ręce w górę;czadoman
Świetlny kształt;coma
Wskazał mi;coma
Oto Cisza i ogień - wytchnienie mimo;coma
Zwierzęta drgnęły...;coma
Co tu robić Panie Boże;coma
Mam dość tego w głowie wrzasku;czadoman
w dzień bikini, w nocy mini,;czadoman
Przed nami miesiąc grudzień,;coma
Teraz ja sam najmniejszy z was;coma
Moja bejbe, to mój cały świat;czadoman
Nic się nie zmieni.;coma
smak życia doprawić;czadoman
Śmierci się podobna stała.;coma
Że gwar szelestny;coma
Będę z tobą wobec tego szczery;coma
Za Winkelrieda krwawy trud;coma
Tętno polany;coma
w głowie mi się roi nowy plan,;czadoman
Polacy nigdy nie poddają się;czadoman
Kiedy jesteś roześmiana?! Wtedy jesteś taka kochana!;czadoman
I ciernie na głowie;coma
Przejąłem władzę;coma
Bryknął nerwowo dzik,;coma
Zwisł zza drzew.;coma
Muszę przyznać, jesteś piękna;czadoman
Jest już lato, mamy lato,;czadoman
A kto popieprzone sny moje sieje;czadoman
smak życia doprawić;czadoman
niema we mnie zła;coma
krwią cyrograf kazał mazać;coma
...na istnienie.;coma
Hej, hej bawmy się wszyscy ręce w górę;czadoman
żeby zostać z Tobą ...?;coma
a nad ranem będziesz pić Martini.;czadoman
Kiedy jesteś przy mnie blisko, pod nogami ziemia drży;czadoman
twoim Czadoman’en;czadoman
Gonię ogon tandety,;coma
Z Blondi będzie się działo;czadoman
Zaczęły przychodzić do mnie i prosić;coma
Czasu było mało na dyskusję,;coma
Grzybiarz to czy zwierz?;coma
Znowu zaczniesz żyć i uśmiechać się;czadoman
Tutaj nikt nie stoi, nudy się nie boi;czadoman
Ja jestem Superbohaterem;czadoman
a rutynę zabić;czadoman
jestem dziś;czadoman
Dawniej obciążony wstydem;coma
Tam mogło przecież jeszcze świecić;coma
Angela proszę cię nie idź z tym chłopcem na dno.;coma
wygina się;czadoman
dumny młodzian cud urody;coma
Nie ma szans.;coma
Twoje usta jak malina;czadoman
Nade mną stanął;coma
I rozwalmy tę budę;czadoman
Pokochaj mnie, niech inne serca płaczą.;czadoman
Gdybym mógł Cię mieć w realu,;czadoman
Do powiedzenia od wron.;coma
Na określenie kogoś;coma
Moja bejbe, o niej wszyscy śnią;czadoman
Potrafimy w rzeczywisty sposób;coma
Szok.;coma
Ruda tańczy jak szalona,;czadoman
Na hura wyznaczono;coma
Tak się bawisz ty i ja;czadoman
Przejąłem władzę;coma
To Stoki;coma
Jesienny i zły,;coma
W stu tysiącach jednakowych miast;coma
wygina się;czadoman
Ale Daria to dopiero szprycha.;czadoman
Hej, hej śmiejmy się rozwalmy te budę!;czadoman
Patrzę przez lornetkę, jedna mi się marzy.;czadoman
Która pokocha dziś mnie?;czadoman
Chodź na kolana;czadoman
Ach! Zmierzch już;coma
Czuję się jak woda wyciśnięta z piasku;czadoman
jestem dziś;czadoman
Siła, co nagle wstrzymuje gest;coma
Taniec;czadoman
Bo to jest miłość;czadoman
Lubisz lody, malinowe!;czadoman
jedziemy przed siebie;czadoman
Szatanowi niosła duszę:;coma
Ma zielone kocie oczy, tak samo jak ty;coma
Chcę z Tobą zostać, spełnić swe marzenia.;czadoman
Niech będzie chwała za ten czas!;coma
Nie udają i niczego nie sprzedają;czadoman
Co ma być to będzie, dobra nuta wszędzie;czadoman
Zmieszana z twoją na wiek;coma
Bo w koło to samo jak wczoraj tak dziś;czadoman
(roześmiana!);czadoman
Pokochaj mnie, niech wszyscy to zobaczą.;czadoman
Ruda tańczy jak szalona,;czadoman
Lubisz tańczyć jak opętana!;czadoman
Naczelnym;coma
Lecz cóż gdyby nie wiersz, mimo jego marnej trwałości;coma
Nigdy więcej sie nie stanie;coma
Moja bejbe, tak nazywam ją;czadoman
Aniołem;coma
Bo to jest miłość;czadoman
Gdy Cię nie widzę, jak na pustyni czuję się.;czadoman
Chodź znikniemy na chwile to miasto przytłacza jak głaz;coma
Poodgrażał się i znikł;coma
Nim w obraz doprawdy nad wyraz spójny;coma
Nie spodziewaj się miła, że będę gdy zechcesz mnie mieć;coma
Dostąpię łaski spełnienia gdy przyjdziesz do mnie;coma
Będą wabić biednych chłopców;coma
Co się tutaj dzieje, każdy dziś szaleje;czadoman
Przejąłem władzę;coma
Moja naiwna;coma
w sercu jej roztopił kamień;coma
Może szampana?;czadoman
ruszaj się i chwyć za rękę mnie;czadoman
Odkraaatuj pan sobie;coma
Nauczyłem się ukrywać cały strach;coma
Ja mógłbym tyle słów utoczyć krągłych i beztroskich;coma
Czy długo tak?;coma
Hej mała powiedz, jak Ci na imię;czadoman
bądź doskonała;czadoman
W nią wpisany mój kres,;coma
Pokonam trudy, mozoły czy będzie gorzej, czy lepiej;coma
ja jestem superbohaterm;czadoman
To nie jest sen;czadoman
Jeszcze teraz tego nie wiem,;czadoman
Bez echa, bez szlochu, ot jesień,;coma
Piękne, opalone, ciała tak zmysłowe,;czadoman
Niech będzie chwała za ten czas!;coma
Jej czuły dotyk, tego chcę;czadoman
Chroni nas Bóg;coma
Jaaaaaaaaaaaaaaaaaaaaaaaaaa;coma
przy mnie maleńka;czadoman
Pokochaj mnie, niech wszyscy to zobaczą.;czadoman
twoim Czadoman’en;czadoman
Niech wszystko wokół zamilknie i;coma
Wszyscy ręce w górę;czadoman
Nie proszę.;coma
Dzisiaj będzie moją dziewczyną;czadoman
Chcę dzisiaj poznać Twoje pragnienia;czadoman
Codziennie rano kiedy budzę się;czadoman
Wszyscy czekamy na pierwszy gol;czadoman
Zaległem wnet.;coma
ruszaj się i chwyć za rękę mnie;czadoman
Jak to jest? Wokół puste ściany;czadoman
Soczysty befsztyk z musztardą;coma
Ostatkiem liści opadł.;coma
tańcz, tańcz;czadoman
Tańcz, tańcz;czadoman
Dobry bit króluje w żyłach krew buzuje;czadoman
rozkute w planetarnym czasie;coma
Chmury zguby na łby, tak, tak!;coma
Ole, ole, ole, ole;czadoman
To jest właściwe słowo;coma
Jak Bóg!;coma
Ś, ś, ś, ś, ś, ś, ś...;coma
Kocham was, moje panie! Na wasz widok serce staje.;czadoman
Ja najbardziej lubię cię, a ja najbardziej lubię cię!;czadoman
Ocalić cię przed chłopcem, / To dla twojego dobra.;coma
Znamy tę zasadę damy sobie radę.;czadoman
Krząta się;coma
Patrzeć na siebie bez cienia zła;coma
tańcz, tańcz;czadoman
Tak się bawi, tak się bawi cała Polska;czadoman
to taka piękna rzecz;czadoman
A w nocy wyostrzone jeszcze;coma
Ja wiem, że kocham Cię;czadoman
Na na na na na na na...;czadoman
Wprowadzam w życie mój plan.;coma
Bo z Mariolą maratonu nie wydolę.;czadoman
Hej, hej śmiejmy się;czadoman
Hej, hej śmiejmy się;czadoman
I dobrze wiem;czadoman
Polarny wiatr;coma
Rozwalmy tę budę;czadoman
Nie musisz niczego pamiętać;coma
Minął zniewolenia czas,;coma
po to by Cię bawić;czadoman
Biedronki, pasikoniki, dżdżownice;coma
Nikt nas nie zatrzyma, jeszcze więcej czadu!;czadoman
Kocham was, moje panie! Na wasz widok serce staje.;czadoman
Zostań tu, zostań tu do rana;czadoman
Znowu zaczniesz żyć, dobrze bawić się;czadoman
Bo to jest miłość;czadoman
Tak się bawi, tak się bawi cała Polska;czadoman
Oto moja w zachodzie słońca;coma
Bo tylko ona ma takie ciało;czadoman
Chodź na kolana;czadoman
Zrównoważony, jednorodny byt;coma
Sztuka kochania nie do opanowania.;coma
Pokochaj mnie,chcę w sobie czuć motyle.;czadoman
Jak to jest? Czuję się pijany;czadoman
Więc poszedłem z nią do kina;czadoman
Na pewno jesteś, bo wierzę;coma
Wielki uśmiech mamy, zanim pójdę spać;coma
Dlaczego nie mogę przebywać, po każdej ze stron jednocześnie;coma
W poniedziałek wolę Olę niż Mariolę,;czadoman
Ja a a a;coma
Aby tylko błysnąć, aby tylko błysnąć.;coma
I nie mów, że nie wypada.;czadoman
Ocalić cię przed chłopcem, / To dla twojego dobra.;coma
Polska najlepszych kibiców ma;czadoman
Ole, ole, ole, ole;czadoman
I wiem, że kiedyś odlecę, zapalicie po mnie świece, zapalicie świece;czadoman
on tu nas ochładza;czadoman
Utoczę sobie krwi.;coma
Eksplo;coma
Pokochaj mnie i zostań jeszcze chwilę.;czadoman
Nagłe objawienia - Bursa, Miłosz, Lem;coma
blondynki brunetki;czadoman
Roślinność, wilgoć,;coma
muszę poznać tę Panią.;czadoman
Ole, ole, ole, ole;czadoman
Ja leżę i słucham,;coma
Pokój bez widoków na przyszłość;coma
Nauczyłem się umierać w sobie;coma
I nie mów, że nie wypada.;czadoman
Bo działo się coś ważnego;coma
superbohaterem;czadoman
Na pewno tęsknię i czekam;coma
Polska drużyna w piłkę dzisaj gra;czadoman
Nie ma w Tobie ani grama;czadoman
jeżeli można zapominając o wszystkim;coma
Czy długo tak?;coma
Bo to jest miłość;czadoman
Dokąd płynie miasto moich snów?;coma
gdy jesteś przy mnie;czadoman
Będziesz codzinnie ostrożnie żyła;coma
Zza mgły jedynie;coma
Pobawimy się w kotka i myszkę;czadoman
Czwartek, piątek, takich dni to ja nie lubię.;czadoman
Czy byłem z nią w piekle,;czadoman
I będzie wtedy trochę żalu, kilka zimnych łez na balu, zimnych łez (2 x);czadoman
Zabiorę Cię w podróż po dziwnej krainie;czadoman
On w oczach ma zło.;coma
Nie pytaj mnie jak i gdzie;czadoman
Pobawimy się w myszkę i kotka;czadoman
co by młodość wieczną miała.;coma
Moja bejbe, to mój cały świat;czadoman
Więc tańcz, tańcz;czadoman
Strach zawstydził się i uległ;coma
Penetrujące ręce wsunie pod sukienkę,;coma
Chciałbym dziś tam wrócić, bo ciągle mi mało!;czadoman
jestem dziś;czadoman
Zechciej mnie zabrać ze sobą;coma
Kiedy jesteś roześmiana?! Wtedy jesteś taka kochana!;czadoman
Pokój bez widoków;coma
bo ta impreza to nie byle co;czadoman
tańcz, tańcz;czadoman
Nie zalej się.;coma
Ściółka, mech;coma
jestem dziś;czadoman
Limanowskiego, Łódź,;coma
I zniknął.;coma
Człowiek!;coma
Oto Cisza i ogień - to we mnie i;coma
urok rzucasz na mnie gdy;czadoman
które stoją nad cichą rzeką zamyślenia;coma
Super się poczułem,;coma
Gdy myśl urwała się sama,;coma
Kocham was! Kocham was, moje panie!!;czadoman
Pada i wieje drugi tydzień z rzędu;coma
I słyszę że ktoś mi wygraża;coma
W bramach czai się zło.;coma
w dzień bikini, w nocy mini,;czadoman
Wszystkie zapytania znam!;coma
W bramach czai się zło.;coma
Ten wielki stwór;coma
Więc nasycam się dniem;coma
Dowód słusznego trudu;coma
Moja ochrona czerwona;coma
Za nim zacznę z nią przygodę;czadoman
a rutynę zabić;czadoman
jestem dziś;czadoman
Moja bejbe, to mój cały świat;czadoman
Znaleźć się już;coma
Głębokim oddechem;coma
Nie była oswojona,;coma
Zanim na psy, manowce zejdziesz. / To dla twojego dobra.;coma
Z tym ciśnieniem...;coma
Lecz cóż, gdyby nie wiersz, jak i dowód przeszłości?;coma
Nie mogę już obudzić się, muszę przestać żyć.;czadoman
Ja mogę tak być;coma
Czy kiedyś otworzysz,czy chcesz być sama;czadoman
Z milczenia, którego nie ogarnie żadna z planet;coma
Z tej dziewczyny z Instagrama;czadoman
bądź namiętna;czadoman
bądź namiętna;czadoman
Angela proszę cię nie idź z tym chłopcem na dno,;coma
0Rh+;coma
Angela proszę cię nie idź z tym chłopcem na dno.;coma
Jak dym.;coma
Kiedy jesteś roześmiana, Wtedy jesteś taka kochana,;czadoman
po to by Cię bawić;czadoman
Tak, że wyszedłem ze środka siebie;coma
Dziewka srodze się zaśmiała,;coma
Przejąłem władzę;coma
Białe krowy, znak odnowy głów.;coma
Powietrzny chrzęst.;coma
A przyjdzie czas, przyjdzie, próby czas;coma
Zewsząd na polanie począł;coma
Oto Cisza i ogień - wytchnienie mimo spraw.;coma
A liście pachniały i gniły;coma
Kiedyś myślałem, że to niemożliwe;czadoman
tańcz, tańcz;czadoman
Kaaarmić się taką karrrmą?;coma
Nie spostrzegła nic jak cała;coma
superbohaterem;czadoman
ja jestem superbohaterm;czadoman
Jutro nie zostanie po nim ślad;coma
jest to wrażenie jasności,;coma
Co to tam? Co?;coma
Chodź na kolana;czadoman
w dzień bikini, w nocy mini,;czadoman
Chwała wyklętym cukiernikom, ci nie zaznali słodyczy;coma
Może nie jedna, lecz dwie.;czadoman
Szumny tłum;coma
Ruda tańczy jak szalona;czadoman
Zapomniałem, że od kilku lat;coma
Już nic nie będzie takie jak dawniej;coma
Hej, hej bawmy się;czadoman
Jesienne umieranie;coma
I znowu żale i wchodzę dalej, w detale;czadoman
Więc tańcz, tańcz;czadoman
Z niedoskonałą wymową?;coma
Dokąd płynie niekochana Łódź?;coma
Wziąłem limuzynę, jadę po blondynę;czadoman
Kwiaty w ręku-świeże,pachnące;czadoman
I moja głowa jest cała różowa;coma
Podoczepiali wagony;coma
bo ta impreza to nie byle co;czadoman
Zmierzchający;coma
Jak to jest, że Cię tutaj nie ma?;czadoman
twoim przyjacielem;czadoman
po to by Cię bawić;czadoman
Czas poplątał kroki, jest łagodny i beztroski;coma
Póki co całą słodycz gwiazd Tobie dam...;coma
Dałbym ci więcej niż ten chłopiec ale nie chcesz.;coma
Szelestny szmer,;coma
superbohaterem;czadoman
W domu będzie ogień, a do domu proste drogi;coma
O uu lato...;czadoman
Ole, ole, ole, ole;czadoman
Już kupiłem Ci bilet zniewachaj się więc chociaż raz;coma
Chciałbym ocalić, co się da.;coma
Wreszcie;coma
Że widzę cię mniej wyraźnie;coma
Przejąłem władzę;coma
Look at the mooooon!”;coma
Niepokorna, roześmiana,;coma
Zanim ci;coma
Rozwalmy tę budę!;czadoman
One, to one, bliźniaczki szałowe;czadoman
A my z harmonii i rozdźwięku;coma
Przed sukcesem, kto wie?;coma
ja jestem superbohaterm;czadoman
Jaaaaaaaaaaaaaaa;coma
tańcz, tańcz;czadoman
twoim Czadomanem;czadoman
Na kilka chwil;coma
Chodź mała do mnie usiądź na kolana.;czadoman
Jest już lato, mamy lato,;czadoman
Chętnie utoczę sobie krwi;coma
na końcu której odnajdziemy sens;coma
Przez kilka chwil;coma
Szadź tu;coma
Kiedy go w nos trafiłem;coma
gdy mówisz do mnie pięknie tak, od razu chce się żyć.;czadoman
Jak to jest, że Cię tutaj nie ma?;czadoman
Jednak pomiędzy czarne wrony w głowie;coma
twoim przyjacielem;czadoman
To ja, ten sam od tylu lat, sam;coma
Bo westchnąłem;coma
Muszę sprawdzić jej urodę;czadoman
Dzisiaj rozprzestrzeniam się na wiatr.;coma
Na palcu spod noża do ryb;coma
Nienasycona;coma
Zamykam oczy i widzę jej ciało,;czadoman
I nie mów, że nie wypada.;czadoman
Bez kropli wody, jakbym błądził wciąż we mgle.;czadoman
Wszyscy ręce w górę;czadoman
gdy jesteśmy blisko;czadoman
Jak dwie krople wody, obie takie żywe.;czadoman
Nabawisz się pan skrzepu;coma
Jedziemy z Blondi limuzyną;czadoman
Czuję się, jakbym ciągle biegł pod wiatr;czadoman
i poczuj to co ja;czadoman
Czy?.. Ooooo mam;coma
Ja a a a;coma
Jedno jest pewne: Polska wygra mecz!;czadoman
do tego słońca w które wierzę;coma
Dokąd płynie odrapany wrak?;coma
W dobrym stylu i bez problemu, muuu.;coma
Budzę się rano, kiedy myśli jeszcze śpią.;czadoman
Kocham cię, moje kochanie;coma
Pokochaj mnie, niech inne serca płaczą.;czadoman
Mam jedno w głowie, chcę z nią spotkać się;czadoman
Bo football kręci jak rock’n’roll;czadoman
Ogłaszam zbiorową dymisję, wszyscy musimy ustąpić;coma
Znowu zaczniesz żyć, dobrze bawić się;czadoman
Wyzwoli strach, roztoczy gniew.;coma
Widok na świat.;coma
bądź doskonała;czadoman
Przejąłem władzę;coma
Archipelagi urodzajnych dni;coma
Tam wszystko jest piękne;czadoman
A wokół mnie i we mnie samym ład.;coma
Ja błagam cię,;coma
Do pierwszego wersu...;coma
Ach, jaki piękny dzień,;coma
Ile byłoby mnie? Lub o ile by mniej? O ile by mniej?;coma
Senny naciek purpury;coma
Widzę przez okno,że ktoś się skrada;czadoman
Jest już lato, mamy lato,;czadoman
Jak to jest? Wyję wciąż do nieba;czadoman
I nie mów, że nie wypada.;czadoman
mam pełno słońca jasną głowę i nadzieje że;coma
Najpierw drobniejsze stworzenia;coma
Co tak ładnie powiedział Barańczak;coma
Oto się mniejsze chłopaki;coma
Za nami, przed nami;czadoman
Rzetelnie żują, kontemplują;coma
Dreszcz i zryw.;coma
Minął zniewolenia czas;coma
Na na na na na na na...;czadoman
A będzie Ci lepiej niż w niebie;czadoman
A przyjdzie czas, przyjdzie, próby;coma
To nie jest sen, to dzieje się;czadoman
i pokażę jej co umiem.;czadoman
To ta słodka ciecz,;coma
I mam...wreszcie Ciebie mam...;coma
pozwól się ponieść;czadoman
Wkroczyła szara, naga noga miasta;coma
Pokój bez widoków;coma
Ole, ole, ole, ole;czadoman
Przejąłem władzę;coma
ja jestem superbohaterm;czadoman
I w Tobie.;coma
CZADOMAN ! !;czadoman
Widzę oczy Twe, widze smutną twarz;czadoman
U nóg mych grzmiał;coma
Oto Cisza i ogień - to we mnie i w tobie.;coma
Byłem u Rudej. Kocham jej oczy.;czadoman
Mam władzę, mam władzę;coma
Polacy nigdy nie poddają się;czadoman
Ach, jaki piękny dzień,;coma
Parę chwil, kilka dni przeleciało gdzieś;czadoman
Jak to jest? Wokół puste ściany;czadoman
Teraz tu szron na trawie lśnił;coma
Na kość zmarznięty;coma
Oto Cisza i ogień - wytchnienie mimo;coma
Początku mojego zagadka;coma
Ta mała jest po prostu wymarzona;czadoman
To nie jest sen;czadoman
A we wtorek będzie Gocha albo Zocha,;czadoman
a twoje usta;czadoman
Nie parzymy na nic i nie znamy granic;czadoman
Upadłem z powrotem;coma
One, to one, bliźniaczki szałowe;czadoman
Bo to jest miłość;czadoman
Ramie czasu.;coma
Kocham cię, moje kochanie;coma
a rutynę zabić;czadoman
Dziękuję,;coma
Oto Cisza i ogień - to we mnie i w tobie.;coma
Na, na, na,;coma
Tak się bawisz ty i ja;czadoman
Bo to jest miłość;czadoman
Wieczną mieć urodę muszę..;coma
jestem dziś;czadoman
Kocham was, moje panie! Na wasz widok serce staje.;czadoman
Mam przy sobie hajs, będzie very nice;czadoman
Wytarłszy rękawem;coma
One, to one, bliźniaczki szałowe;czadoman
Lecz nie.;coma
gdy twoje ciało;czadoman
Dokąd płynie odrapany wrak?;coma
Pięknie się zrobiło,;coma
Tam dalej ulica Pomorska;coma
I ze wspomnień;coma
który wciąż unosi mnie.;czadoman
Chętnie utoczę sobie krwi;coma
Bo to jest miłość;czadoman
Ole, ole, ole, ole;czadoman
Jak to jest, że Cię tutaj nie ma?;czadoman
Lecz nie miałem znów pojęcia;czadoman
Pobawimy się w myszkę i kotka;czadoman
Ja nie chcę, ja nie chcę dalej tam tkwić;coma
I strzęp ów świetlny;coma
Jej warkocze lniano złote;coma
Cieszą się;coma
Nim noc napełni się krzykiem i;coma
Lubisz śpiewać aż do rana!;czadoman
Żądze wystroiłem w treść;coma
Zmienię smutek, żal w wieczór pełen gwiazd;czadoman
Niepięknie, niedobrze,;coma
Więc tańcz, tańcz;czadoman
Krzyczy piszczy to jest ona!;czadoman
Widm bezkresnych szereg.;coma
Niestety świerszczyku nie mogę,;coma
I duł, że ech!;coma
smak życia doprawić;czadoman
Zostań tu, zostań tu do rana;czadoman
Rozwalmy tę budę;czadoman
a jeśli uda się wydostać stąd;coma
Kultury krwinek, rudy cud;coma
Bo tylko ona ma takie ciało (2 x);czadoman
Wracam do domu po ciężkiej nocy,;czadoman
Dzwonię i dzwonię,nikt nie otwiera;czadoman
Skoncentrowałem się na tym;coma
To strup na kolanie i amen w pacierzu;coma
Cholernie się czuję,;coma
Co wrona miała,;coma
Ach, jaki piękny dzień,;coma
Pozwól mi zbliżyć się do siebie...;czadoman
Tak się bawi, tak się bawi cała Polska;czadoman
zbliżają się;czadoman
Łysnął żubr;coma
Hej, hej bawmy się wszyscy ręce w górę;czadoman
To nie jest sen;czadoman
Pora kończyć, do cholery;coma
Pokochaj mnie,niech inne serca płaczą.;czadoman
Straciłem poczucie równowagi;coma
Oto, dlaczego nie dotrze do ciebie mój znak.;coma
Ja otwieram wino, zaraz będzie miło;czadoman
Chwila wytchnienia mimo spraw;coma
Nie do wiary że tak bardzo płonę;coma
Gdy rozjaśniłem pokój swoją peleryną,;czadoman
Polana lśni.;coma
Ja;coma
Oto płynąca za wykres;coma
Nie do wiary że tak bardzo płonę;coma
Gdzie złożyć można;coma
Bo to miłość jest;czadoman
Dzisiaj będzie moją dziewczyną;czadoman
Metafory, metafory,;coma
I utkwiłem z tym szlochem;coma
Nim zgrzyt zagłuszy muzykę;coma
Od rana pada deszcz,;coma
Bym zaległ był,;coma
przy mnie do rana;czadoman
Opowiem Wam co to za laska;czadoman
Bo to jest miłość;czadoman
smak życia doprawić;czadoman
Okropnie będzie ci wstyd.;coma
by móc wciąż przy Tobie być.;czadoman
Czy tego chcesz czy nie chcesz,;coma
Gdzie bogini jest ze zdjęcia;czadoman
Moich dni, moich dni ...;coma
smak życia doprawić;czadoman
Zadumała się dziewczyna nad swoją urodą;coma
Jutro nie zostanie po nim ślad;coma
przy mnie maleńka;czadoman
Bo to jest miłość;czadoman
Nadchodzi już wieczór, zapada noc,;czadoman
Z Rudą noce są wspaniałe!;czadoman
Ona mówi, że jest pięknie;czadoman
Podsumowanie zysków i strat.;coma
Ale chciałbym by to był karabin;coma
Pokochaj mnie i zostań jeszcze chwilę.;czadoman
Więc tańcz, tańcz;czadoman
nie krępuj się;czadoman
Jak dziecko złe.;coma
Ile byłoby mnie? Lub o ile by mniej? O ile by mniej?;coma
Na skraju miast, na skraju dnia;coma
z niecierpliwości strun spragnionych;coma
smak życia doprawić;czadoman
Coś co wstrząsnęło polaną.;coma
Jesteś tam, gdzie nie było dane nam;czadoman
Niczego nie będę żałował;coma
Z powietrza na szczytach mojej wyobraźni,;coma
Mieniąca się rosa;coma
A przyjdzie czas, przyjdzie, próby czas;coma
gdy twoje ciało;czadoman
Zostajemy i tańczymy tu do końca;czadoman
Pomiędzy słowa wbił się byk.;coma
Może nie jedna, lecz dwie.;czadoman
Tak, tak!;coma
Nędza mnoży się dzielnie / czego to oni to czego, czego to oni to nie wymyślą;coma
I dobrze wiem;czadoman
Jak to jest? Wyję wciąż do nieba;czadoman
zacząć jeszcze jeden raz od nowa;coma
Próbując nabrać nowych sił;coma
Powiedz mi, czego chciałabyś dziewczyno.;czadoman
Do szaleństwa doprowadza mnie;czadoman
Ty bańki mi tlenu do mózgu, do naczyń;coma
Polacy nigdy nie poddają się;czadoman
Czego to, czego to nie wynajdą?;coma
Nareszcie;coma
przebojem jest;czadoman
Krzyczy piszczy to jest ona!;czadoman
I nie chcę tu sztywny tak utracić chwil, moich dni, moich dni;coma
kątem oka patrzę na Nią,;czadoman
Chwała wyklętej interpretacji, po każdej stronie słowa znaczą inaczej;coma
Lubisz tańczyć jak opętana.;czadoman
Chciałbym homo- się stać seksualny;coma
Jedziemy do góry, nie patrzymy na dół;czadoman
z przelotów wiatru, z garści cienia;coma
Pokochaj mnie, niech inne serca płaczą.;czadoman
Byś nie mogła wrócić do mnie;coma
I nie mów, że nie wypada.;czadoman
Ciąży na mnie zła siła, zasypiam gdzie dorwie mnie sen;coma
Świerszczy mi świerszczyk przestrogę:;coma
Nie ma w Tobie ani grama;czadoman
Bóg go teraz nie chce w niebie,;coma
To Twoja matka,jasna cholera;czadoman
Bo to miłość jest;czadoman
Trzeba będzie mi lśnić?;coma
Słuchaj jak dźwięków moc;czadoman
bo ta impreza to nie byle co;czadoman
..a będzie Ci lepiej niż w niebie;czadoman
Bo ciebie mi brak ciebie mi brak;coma
Kraaawawica zaleje,;coma
Na na na na na na na...;czadoman
One, to one, bliźniaczki szałowe;czadoman
Ale co tam przecież jestem jeszcze młody,;czadoman
Ten obwiesił się na drzewie ..;coma
Jak to jest? Czuję się pijany;czadoman
przy mnie do rana;czadoman
Lubisz patrzeć, nocą w gwiazdy.;czadoman
A teraz się yeah yeah;czadoman
We mnie i w tobie.;coma
pijemy wino zakochani.;czadoman
I jam drżał,;coma
podejdź;czadoman
Planuję ostatecznie;coma
ruszaj się i chwyć za rękę mnie;czadoman
Po środku nocy sami ze sobą;czadoman
Hej, hej śmiejmy się rozwalmy te budę!;czadoman
W odległych miastach katastrofy chceń;coma
Lipy tutaj nie ma bo grają Czadomana.;czadoman
Reklamówka foliowa. / To dla twojego dobra.;coma
Widzę odpowiedzi, wszystkie!;coma
Będzie Renia, ale ona nic nie umie.;czadoman
Cisza.;coma
nie mamy oporów;czadoman
Ślad fosforyczny w pamięci;coma
Ostatnia kropla, ofiara czysta;coma
Czy omam?;coma
Ja mogę tak być;coma
I mogę w to wierzyć, że;coma
A my z harmonii i rozdźwięku;coma
Nie wiem czy jeszcze zdołam trwać;coma
A na zdjęciach cud dziewczyna;czadoman
urok rzucasz na mnie gdy;czadoman
a rutynę zabić;czadoman
Oto moja milcząca krew;coma
Uciekam w przeciwną stronę;coma
Gdy utopisz lęk przed kolejnym dniem;czadoman
pod gniewem rozpalonych dłoni;coma
Rozmyty deszczem sen,;coma
Pozwól mi i wpuść mnie do środka;czadoman
Na skraju miast, na skraju dnia;coma
A ty przy mnie śpisz i żyjesz nieodległa w snach;coma
Gdy goluśki wyloz z wody,;coma
do baru po drina;czadoman
Wdarło się białe stado krów,;coma
Wzrok przekroczył linię horyzontu, aby zginąć;coma
Z Rudą noce są wspaniałe!;czadoman
to taka piękna rzecz;czadoman
Miałem wiele, lecz nie takich jak ona;czadoman
Zamykam oczy i wracam do dziecka;czadoman
On w oczach ma zło.;coma
a nie zapomnisz tych wspaniałych dni;czadoman
Kocham was! Kocham was, moje panie!;czadoman
Chodź na kolana;czadoman
A my z harmonii i rozdźwięku;coma
Mam poezję i wino, będziemy się kochać co noc;coma
Bo po co mi wszystko, kiedy nie mam nic;czadoman
No chodź na kolana;czadoman
Jakie czyniła ruda z czwartej b;coma
Dzisiaj będzie moją dziewczyną;czadoman
Cisza i ogień. No!;coma
Lecz z tamtej nocy niczego nie żałuję,;czadoman
bądź doskonała;czadoman
 Kiedy jesteś roześmiana, wtedy jesteś taka kochana!;czadoman
Czy tego chcesz czy nie;czadoman
Słodki losie czy;coma
Nie zrozumiałem nic.;coma
twoim Czadoman’en;czadoman
Taka dzielnica rolna,;coma
Jutro nie zostanie po nich najmarniejszy cień;coma
Pokochaj mnie, chcę w sobie czuć motyle.;czadoman
Znowu zaczniesz żyć i uśmiechać się;czadoman
Przez ulice zakażone bezradnością dni;coma
do białego rana;czadoman
Dokąd płynie niekochana Łódź?;coma
To taka sztuka zestawiania słów.;coma
Ja wiem, że kocham Cię;czadoman
bo ta impreza to nie byle co;czadoman
To jest miłość;czadoman
Ach, jaki piękny dzień,;coma
I bij go w ryj, niech skurwysyn;coma
Spotkałem ją na bulwarze;czadoman
A potem usidlić na wieczność;coma
Krwawica codzienna, bo za darmo;coma
A łąka w rechot, w ryk.;coma
trzymaj mnie mocno;czadoman
za swoje pragnienia;czadoman
Masz bardzo złą wymowę,;coma
W poświacie stu niemych księżyców;coma
Rozrzucam na wiatr.;coma
Ofiarowałem ci miłość;coma
Przed miłością tą bo zakochałem się;czadoman
Zostań ze mną, one takie piękne są.;czadoman
pod gniewem rozpalonych dłoni;coma
Dokąd płynie miasto moich snów?;coma
Gorąco się robi;czadoman
Porady, narady,;coma
Roztrwoniła miłość ziemską,;coma
nie patrzymy na nic;czadoman
Szukam Cię bo już czas spojrzeć w oczy i;czadoman
tańcz, tańcz;czadoman
W oczko powierciwszy piąstką;coma
Moja bejbe, taki piękny kwiat;czadoman
Wszystkich myśli złych pozbędziesz się;czadoman
Hej, hej rozwalmy tę budę;czadoman
Poszedłem na molo, podejrzeć je na plaży;czadoman
One, to one, bliźniaczki szałowe;czadoman
ruszamy do tańca;czadoman
Z tą dziewczyną tak już jest;czadoman
tańcz, tańcz;czadoman
Pokochaj mnie...;czadoman
wszyscy się bawią;czadoman
Mamy lato...;czadoman
pokochała Go na Amen.;coma
Utoczę sobie krwi;coma
Bo po co zasypiać kiedy sen nie przychodzi;czadoman
Może niejedna, lecz dwie.;czadoman
Życzenia grzeczne,;coma
I las i szum;coma
No chodź na kolana;czadoman
Ole, ole, ole, ole;czadoman
z różańca wpół uśpionych domów;coma
Aby zostać gwiazdą, aby zostać gwiazdą.;coma
I nie mów, że nie wypada.;czadoman
Rozwalmy tę budę;czadoman
Przekażę ci treści, przekażę;coma
I opadł klon;coma
a teraz woah woah woah;czadoman
jeszcze tylko zapach typu Bond;czadoman
Kompletny rozziew doznań,;coma
Rozjaśniło się wokół.;coma
Jak po długim łkaniu;coma
bądź namiętna;czadoman
Nauczyłem się umierać w sobie;coma
Planuję ostatecznie;coma
O jak pięknie cały tydzień się przedstawia,;czadoman
smutne ptaki ryczą gniewne pieśni;coma
Podaj rękę mi, a zobaczysz jak;czadoman
a teraz woah woah woah;czadoman
Tylko ona dobrze wie czego chce;czadoman
Tarabanią pod stopy, dłonie;coma
Co ona potrafi, jeszcze to czuję!;czadoman
A, że mnie zaakceptowano,;coma
Karmiąca mnie matka;coma
Ja jestem Twoim Czadoman’en;czadoman
Rudą lalę pokochałem,;czadoman
Że tak się źle zachował, / To dla twojego dobra.;coma
Tak się bawi, tak się bawi cały świat;czadoman
Na na na na na na...;czadoman
Taniec;czadoman
Na Twojej twarzy makeup wymalował żal;czadoman
I nie chcę tu sztywny tak utracić chwil, moich dni, moich dni;coma
Ta sól bytów,;coma
Oto Cisza i ogień - wytchnienie mimo spraw.;coma
Pewność, że my;coma
A przecież byliśmy tu razem;coma
Pokochaj mnie i zostań jeszcze chwilę.;czadoman
Jutro nie zostanie po nim ślad;coma
Pisze do mnie: hej kochany;czadoman
Cisza i ogień.;coma
Niech świat uświęci tę ciszę.;coma
A my z wiecznego niepokoju;coma
Moja bejbe, taki piękny kwiat;czadoman
Podniosłem się;coma
Na kogo to, kogo, na kogo wyszło, padło?;coma
O smaku chleba i rdzy;coma
gwiazdy z mądrości swoich oczu;coma
Dobre niebo kiedy wszyscy śpią;coma
Przed sukcesem, kto wie?;coma
I dobrze wiem;czadoman
Pozwól mi zbliżyć się do siebie;czadoman
Oto cisza i ogień.;coma
Po prostu tańcz, ruszaj się;czadoman
Lecz jak by oko wykol;coma
Oto Cisza i ogień - wytchnienie mimo spraw.;coma
Tam zza krzaka,;coma
Może nie jedna, lecz dwie.;czadoman
przy mnie do rana;czadoman
Ze słonego ciasta zmierzchów jeśli zechcesz je znać;coma
Na garbie wytartym;coma
Nauczyłem się ukrywać cały strach;coma
Nie mam kontroli błędnika;coma
twoim przyjacielem;czadoman
Bateria w telefonie wyzionęła ducha;czadoman
Czy tego chcesz czy nie;czadoman
pod gniewem rozpalonych dłoni;coma
A teraz woah woah woah;czadoman
Jeszcze całusa przesyła.;coma
zarzucam turecką koszulę,;czadoman
Baw się, baw, tak jak cała sala;czadoman
Bez trudu złapałem taksę;coma
Co we mnie.;coma
Że upadnę nisko;coma
Nie bądź kiep;coma
Czego to, czego to nie wymyślą?;coma
I chwała za ten czas!;coma
Poczucie smaku, nasycenie barw.;coma
twoim przyjacielem;czadoman
po grzbiecie nieba światło toczą;coma
Białe krowy, znak odnowy głów.;coma
A wokół mnie jak nigdy moc i sens;coma
W Twoich oczach widzę płomień,;czadoman
Hej, hej bawmy się wszyscy ręce w górę;czadoman
muzyka z głośnika;czadoman
Polacy nigdy nie poddają się;czadoman
Ona o tym dobrze wie;czadoman
Lubisz nosić ciasne jeansy.;czadoman
Z Blondi będzie się działo;czadoman
Książę puszczy,;coma
A teraz woah woah woah;czadoman
Tak się bawi, tak się bawi cała Polska;czadoman
Raz..., Dwa..., Trzy...;czadoman
a teraz woah woah woah;czadoman
Pomiędzy krzaki;coma
Oto Cisza i ogień - wytchnienie mimo spraw.;coma
Więc mam teraz czas żeby ściągnąć bucha;czadoman
Fiknął w górze kozła jak małpa,;coma
jestem dziś;czadoman
Kiedy jesteś roześmiana!? Wtedy jesteś taka kochana!;czadoman
Ale nawet nie marzyłem o takiej panience.;czadoman
W gęstej glorii;coma
Pobawimy się w myszkę i kotka;czadoman
a nad ranem będziesz pić Martini.;czadoman
I tylko szum i szum;coma
Puste ulice, co to za szał?;czadoman
za chwilę zobaczysz jak życie się zmienia;czadoman
bądź namiętna;czadoman
Co ja teraz zrobię, chyba oszaleję.;czadoman
Zupełnie tak, jak za tamtych lat;czadoman
Zamknij oczy i poczuj jak;czadoman
To ja, ten sam od tylu lat, sam, czekam...;coma
I mogłoby wcale nie przestać;coma
Powiem Ci, że, że, że, kocham Cię;czadoman
(roześmiana!);czadoman
Choć jaśniejszej trochę;coma
Może miłość nas dosięgnie;czadoman
Wszyscy ręce w górę;czadoman
Kropla dla Polski;coma
Jej mówię,;coma
Utoczę sobie krwi x4;coma
Jak to jest, że Cię tutaj nie ma?;czadoman
Chować się w górach przed zgiełkiem miast;coma
po grzbiecie nieba światło toczą;coma
Następnie usłyszałem ach!;coma
Rudą lalę pokochałem,;czadoman
to taka piękna rzecz;czadoman
Chodź na kolana;czadoman
Galimatias, galimatias.;coma
Ryk przeciągły planet;coma
co Ty teraz powiesz na to;czadoman
Chłopczyk wsadził rękę do gardła,;coma
Bo upadłem nisko;coma
Teraz jest impreza życie się zaczyna;czadoman
Ole, ole, ole, ole;czadoman
Moja bejbe, tak nazywam ją;czadoman
Taniec;czadoman
Minął tamten czas;coma
0Rh+;coma
Może szampana, czerwone wino;czadoman
Świat jakby skulił się we mgle;coma
Nie mogę cię odnaleźć i nie mogę utulić;coma
Lecz po drugiej stronie...;coma
Rozmyty deszczem sen,;coma
po to by Cię bawić;czadoman
A swoją drogą czy Seplen;coma
Kocham was! Kocham was...;czadoman
modlitwa jest z wzniosłości dzwonów;coma
,,Kraaatastrofalny stan,;coma
Polacy nigdy nie poddają się;czadoman
Polana drży,;coma
Polacy nigdy nie poddają się;czadoman
Może dzisiaj się spotkamy;czadoman
Skoncentrowany w oku strach;coma
Tak bardzo chciałbym zostać tutaj z Tobą.;czadoman
Może ktoś, może gdzieś uświadomi Cię;czadoman
A będzie Ci lepiej niż w niebie;czadoman
Westchnąłem: Ech...;coma
nawet i te rude;czadoman
Kiedyś nie dane nam będzie miła;coma
Która pokocha dziś mnie?;czadoman
Lecz cóż gdyby nie wiersz, mimo jego marnej trwałości;coma
Stworzeniem tutaj,;coma
Niedopowiedzeniami;coma
Kolejny dzień, patrzę w oczy, które znam;czadoman
Pozostały już tyko brzydkie dziewczyny;coma
wiadomo, alkohol, emocje);coma
Królowa biedronek;coma
Hej, hej wszyscy ręce w górę;czadoman
Patrzę, nie wierzę, w oczach mi się dwoi;czadoman
Aż oniemiałem;coma
Minął tamten czas;coma
Że dziękuję;coma
wszystkie ładne wyjechały do Stanów;coma
Reklamówka foliowa. / To dla twojego dobra.;coma
Lecz cóż, gdyby nie wiersz, jak i dowód przeszłości?;coma
a rutynę zabić;czadoman
z przelotów wiatru, z garści cienia;coma
Jestestwem wnikł;coma
Wzięła młodość i do wczoraj;coma
z brzóz przedwieczornych;coma
przy mnie do rana;czadoman
w rytmie twojego gra;czadoman
Ach! Tego by jeszcze;coma
Powiodłem wzrokiem;coma
Nowy, pokojowy, zdrowy duch.;coma
To na życie, nie na jakiś piękny bal;czadoman
Patrząc na to co robisz mówią: chłam;czadoman
I dobrze wiem;czadoman
Co nie takie proste;coma
mój bohater mówi, że już nie wyrabia.;czadoman
Moja bejbe…;czadoman
Czego to, czego to nie wynajdą?;coma
Podchodzę i pytam, czy któraś ma ochotę;czadoman
ja i ty;czadoman
i nie znamy granic;czadoman
Nie mieścisz człowiek krowy w głowie?;coma
Chętnie utoczę sobie krwi;coma
sukienki, panienki;czadoman
I amen;coma
Żubr;coma
Nie ma jak.;coma
Skrzep;coma
No chodź na kolana;czadoman
Urządzę chłopca pięknie,;coma
Jej piękne ciało gdy porusza się;czadoman
Tajemna strużka życia;coma
twoim Czadoman’en;czadoman
Źrenice mam;coma
Mimo wszystkich nieprzespanych nocy;coma
Maja z Elą pewnie znowu są na haju,;czadoman
Karygodne to!;coma
A teraz się yeah yeah;czadoman
I myślę...;coma
Moja bejbe…;czadoman
A czuję, że wszystko skończone;coma
One, to one, bliźniaczki szałowe;czadoman
Że pozwolę ci na wszystko;coma
lico zmarszczył jej w starości;coma
Na skraju spraw i;coma
smak życia doprawić;czadoman
idę w świetle dnia;coma
Przyznać się, że, że, kocham Cię;czadoman
Pomiędzy zdania wskoczył znak zapytania.;coma
Baw się, baw, tak jak cała sala;czadoman
Następnie usłyszałem och, aaa!;coma
tańcz, tańcz;czadoman
a teraz woah woah woah;czadoman
gdy twoje ciało;czadoman
Mówiąc:;coma
One, to one, bliźniaczki szałowe;czadoman
Kocham was... Kocham was...;czadoman
Nie w bawełnę,;coma
Przejąłem władzę;coma
a teraz woah woah woah;czadoman
Słodki losie, jak;coma
wychodziła na rozstaje;coma
Gdy ciąłem czołem o bruk;coma
Bo to jest miłość;czadoman
Popatrz mam, mam na życie bilet;czadoman
Pomimo strachu i cierpień;coma
Czuję jak można z naturą blisko;coma
Że kocham je;coma
Ciszy, której ton przepełnia dzień.;coma
Ruch przyjemny formować, większy.;coma
chłop jak dąb, a łkał i wzdychał.;coma
Jak to jest?;czadoman
Samo spojrzenie onieśmiela mnie;czadoman
twoim przyjacielem;czadoman
Oto moja leniwa krew;coma
Pragnąć uchronić cię przed seksualnym piekłem,;coma
No chodź na kolana;czadoman
To jesteś Ty,otwórz mi mała;czadoman
Która pokocha dziś mnie?;czadoman
A toż to dopiero listopad,;coma
a nad ranem będziesz pić Martini.;czadoman
Lubisz nosić ciasne jeansy!;czadoman
Patrzę znów na Twoje zdjęcia;czadoman
Tak wzmogły,;coma
Zostajemy i tańczymy tu do końca;czadoman
Na którym zostałeś peronie;coma
Przedostała się w parszywy czas;coma
(ładna);coma
rozkładam na piasku, przy świecach koc,;czadoman
Dziecinne;coma
Oto cisza i ogień.;coma
Lubisz stroić głupie miny!;czadoman
ruszaj się i chwyć za rękę mnie;czadoman
Chwała wyklętej zimie, że się umiała roztopić;coma
Na małego loda, może zimną wodę?;czadoman
No jak to jest, że Cię tutaj nie ma?;czadoman
Westchnąłem okropnie;coma
przy mnie maleńka;czadoman
Nie używaj mnie, nie używaj mnie, nie używaj mnie, nie chcę, nie chcę;coma
W bezradności nieprzeniknionej;coma
Ja wiem, że kocham Cię;czadoman
Pobawimy się w myszkę i kotka;czadoman
Kolory tęczy ze sceny mkną;czadoman
Jaaaaaaaaaaaaaaa;coma
Oto Cisza i ogień - wytchnienie mimo spraw.;coma
imprezę rozbujamy;czadoman
Wszyscy giną jakby nigdy ich nie miało być;coma
Do tego mi wystarczy;coma
Szelestu chrust z oddali...;coma
I wiem, że kiedyś odlecę, zapalicie po mnie świece, zapalicie świece;czadoman
Nie byłeś pewny gdy to się zdarzyło;coma
Niestety.;coma
Uświęcę słowem anioły, one pomogą mi wzlecieć;coma
Ta muzyka dla ciebie gra;czadoman
Bo to miłość jest;czadoman
co na mszę pod kościołem staną;coma
Czadoman;czadoman
W kolejnych wielkich;coma
Więc tańcz, tańcz;czadoman
Jak to jest, że Cię tutaj nie ma?;czadoman
Pokochaj mnie, chcę w sobie czuć motyle.;czadoman
I jakby;coma
Z Blondi będzie się działo;czadoman
tańcz, tańcz;czadoman
Ruda tańczy jak szalona.;czadoman
twoim Czadoman’en;czadoman
No chodź na kolana.;czadoman
Jadę z powrotem;coma
I będzie wtedy trochę żalu, kilka zimnych łez na balu, zimnych łez;czadoman
Urządzę chłopca pięknie,;coma
ruszaj się i chwyć za rękę mnie;czadoman
A czego to, czego to nie wymyślą?;coma
Jedziemy z Blondi limuzyną;czadoman
To moja rumiana;coma
co Ty teraz powiesz na to;czadoman
twoim przyjacielem;czadoman
Unikalny zapis, najważniejszych spraw;coma
Pozwól mi i wpuść mnie do środka;czadoman
Oto Cisza i ogień - to we mnie i w tobie.;coma
Niech będzie chwała za ten czas! No!;coma
Tylko błagam, nie załamuj rąk;coma
To nie jest sen;czadoman
Baw się, baw, tak jak cała sala;czadoman
Bezwiednie porzuciwszy materię.;coma
Tu kopytkami;coma
I kopa w tył, aż brakło sił.;coma
Bo dokąd?;coma
I chwała za ten czas!;coma
Polacy nigdy nie poddają się;czadoman
po to by Cię bawić;czadoman
Chętne są obie, bo żar się z nieba leje;czadoman
Białe krowy, znak odnowy głów. / Pomiędzy czarne wrony.;coma
Widziałem wiele, słyszałem jeszcze więcej,;czadoman
Swym srebrnym rogiem;coma
Nie do wiary że rozumiem każdy znak;coma
a tak wiem, że jesteś snem.;czadoman
Czy tego chcesz czy nie;czadoman
Zadrżałem z zimna,;coma
Hej piękne dziewczęta;czadoman
rozkute w planetarnym czasie;coma
By szybko zrobić im dziecko;coma
Niech wreszcie będzie wspaniale;coma
A my z wiecznego niepokoju;coma
twoim Czadoman’en;czadoman
Będziesz mieć inne dorosłe sprawy;coma
Nie wiem jak długo zdołam trwać;coma
Znam Twoje myśli, a nie znam ciała;czadoman
Ukrywasz skrzydła wtulone;coma
Oto Cisza i ogień - to we mnie i w tobie.;coma
W ogonach stu;coma
Zostajemy i tańczymy tu do końca;czadoman
Ja wiem, że kocham Cię;czadoman
Oto Cisza i ogień - to we mnie i w tobie.;coma
z niecierpliwości strun spragnionych;coma
By Cię poznać w każdym calu;czadoman
Nie powstrzymasz jej sam, / czego to oni to czego, czego to oni to nie wymyślą;coma
Dlaczego nie mogę przebywać po każdej ze stron jednocześnie;coma
Zostań tu, zostań tu do rana;czadoman
A teraz się yeah yeah;czadoman
Mijamy pola, las, nikt nie widzi nas;czadoman
nad swoją urodą.;coma
I mówi,;coma
Od rana pada deszcz,;coma
Zaświecił liśćmi;coma
Wiem, że już nic nie powstrzyma mnie;czadoman
A teraz się yeah yeah;czadoman
Ot pełnia księżyca;coma
To moja waleczna;coma
kiedy jesteś roześmiana! Wtedy jesteś taka kochana!;czadoman
Pokochaj mnie, chcę w sobie czuć motyle.;czadoman
Pozwól mi zbliżyć się do siebie;czadoman
bo ta impreza to nie byle co;czadoman
chcesz też wymyślić taką drogę;coma
Milczał swą nałogową odpowiedź,;coma
I nie mów, że nie wypada.;czadoman
Mam uchronić się;coma
Znaleźli sobie seplena, niebogę;coma
co na mszę pod kościołem staną;coma
Ole, ole, ole, ole;czadoman
Zalane gęby na Fabrycznym;coma
To nie jest sen;czadoman
Gonię ogon, gonię ogon,;coma
Hej, hej bawmy się;czadoman
Krrrwa mać.;coma
Jedziemy z Blondi limuzyną (2 x);czadoman
Koralowy sznur;coma
I tak se;coma
Cisza.;coma
Rudą lalę pokochałem,;czadoman
Wyślij na mnie swój esemes.;coma
zwrócić krok na południową stronę boga;coma
smak życia doprawić;czadoman
twoim przyjacielem;czadoman
(taka kochana!);czadoman
wszystkie ręce w górę;czadoman
Utoczę sobie krwi;coma
Teraz ja sam najmniejszy z was;coma
Inie mów, że nie wypada.;czadoman
Psiakrew mnie w łydkę gryzł;coma
Niech moje miasto o tym wie,;coma
Giną jak psy;coma
Z rozproszonej mowy tworzę wątły szlak;coma
A oddech zawisł;coma
przy mnie do rana;czadoman
Co dnia jeszcze przed świtaniem;coma
No chodź na kolana;czadoman
Jak papuga w klatce nie ma skrzydła nadziei;czadoman
jak moje serce;czadoman
Jak cudowne byłoby życie, jak wspaniały każdy dzień.;czadoman
Lecz odłóżmy w niepamięć, przewiny i żale i złość;coma
To pewnie oni, ci biali czarodzieje;czadoman
Tylko ja się dziś odważę;czadoman
Wylezą ze swoich mieszkań;coma
Znów na polanę, na łąkę.;coma
Kiedyś ławeczka, a dzisiaj maseczka;czadoman
jestem dziś;czadoman
Choć je przecieram, druga z boku stoi.;czadoman
Kocham was, mówię szczerze, choć w tę miłość sam nie wierzę.;czadoman
Mimo prawdy porzuconej na rozstajach dróg;coma
Krzyczy piszczy to jest ona!;czadoman
Ale wali wrona wprost:;coma
Jak rzekłem, padłem;coma
Przenika ciało całą noc;czadoman
to taka piękna rzecz;czadoman
co Ty teraz powiesz na to;czadoman
Takt stukały sarny;coma
co by młodość wieczną miała,;coma
Wydaje się, dotykam, jednak mi się śni;czadoman
Chętnie utoczę sobie krwi;coma
Ja, ja, ja;coma
z zadumy kaplic i organów;coma
Fraza na rozstanie, jakiś łzawy wers;coma
Kiedaś nie dane nam będzie razem;coma
Bo to miłość jest;czadoman
A będzie Ci lepiej niż w niebie;czadoman
O więcej nie pytam,;coma
Jedziemy z Blondi limuzyną;czadoman
Wchodzę na plażę nie jestem sam,;czadoman
Kiedy jesteś roześmiana, wtedy jesteś taka kochana!;czadoman
Polacy nigdy nie poddają się;czadoman
Rozmiękłe echo twoich słów,;coma
damy bit ustala;czadoman
Twa uroda to oszustwo;czadoman
Dożylna królowa;coma
Pokochaj mnie i zostań jeszcze chwilę.;czadoman
To bogini, ta dziewczyna;czadoman
Tak dużo rąk, tak wiele kont, a jednak błąd, znów pod prąd;czadoman
Polacy, Polacy, Polacy;czadoman
Hello, to ja;czadoman
Kiedy jesteś roześmiana?! Wtedy jesteś taka kochana?!;czadoman
jestem dziś;czadoman
W poświacie stu niemych księżyców;coma
Jak to jest? Wyję wciąż do nieba;czadoman
On nie postąpi z tobą pięknie ani wdzięcznie,;coma
Lubisz stroić głupie miny!;czadoman
I z ciszy, tak wielkiej, że nie znajdziesz w niej najmniejszej kropli;coma
po to by Cię bawić;czadoman
Żywe kropidło kropi bruk;coma
Czarne chmury nad głową,;coma
Jutro nie zostanie po nich cień;coma
Niech nam będzie wspaniale zabiorę Cię z sobą gdziebądź;coma
nikt nie podpiera ściany;czadoman
ruszamy do przodu;czadoman
Pochlipuje modlitwami niestrudzonych ust;coma
Pozwól mi i wpuść mnie do środka;czadoman
Jak to jest? Czuję się pijany;czadoman
Wsnuł się blask,;coma
Gdzie miernota orężem, / czego to oni to czego, czego to oni to nie wymyślą;coma
Co we mnie.;coma
I nie mów, że nie wypada.;czadoman
jestem dziś;czadoman
Niech będzie chwała za ten czas!;coma
Lecz widzę,;coma
Ciepły jak ten letni wiatr,;czadoman
Mają nogi porośnięte włosami;coma
Patrz ta jesień jak miłość purpurą rozkrwawia nam wzrok;coma
Pomiędzy ciebie a i mnie kochana,;coma
Hej, hej bawmy się wszyscy ręce w górę;czadoman
Ja;coma
Albo wrażenia;coma
(Na każdym śniegu w Sylwestra;coma
Nie do wiary że rozumiem każdy znak /x2;coma
Ja to wiem, Ty to wiesz choć nie przyznasz się;czadoman
Hej kochanie, zerknij w lustro;czadoman
Z ust bożej krówki;coma
Bo tylko ona ma takie ciało;czadoman
W niedorzeczności;coma
Hej, hej śmiejmy się rozwalmy te budę!;czadoman
Noc jest z milczenia skrzydeł ptasich;coma
Bo to jest miłość;czadoman
Kropla do kropli;coma
To nie jest sen;czadoman
Nie używaj mnie, nie używaj mnie, nie używaj mnie, nie chcę;coma
Daję ci młodość bez pytania;coma
Wracam do namiotu, poprawiam włos;czadoman
Już na murawie rozgrzewają się;czadoman
Wskazywał niebo;coma
Oto Cisza i ogień - to we mnie i;coma
Słyszę już kroki,zbliżają się do mnie;czadoman
Zostań tu, zostań tu na chwilę;czadoman
Wszystkich myśli złych pozbędziesz się;czadoman
Kryształek gorzki;coma
Bo to jest miłość;czadoman
A niech mnie!;coma
Czarne chmury nad głową,;coma
Jak to jest? Wyję wciąż do nieba;czadoman
Kolejna kropla u nosa zwisa;coma
Biedronka hi, hi,;coma
Gdy się obudzi żeby żyć;coma
Pojaśniało za drugim wdechem;coma
Pan Bóg głuchy na próżności;coma
W kieszeni różowe mam szkiełko;coma
Na płytki szpitala w Złotnikach;coma
Groźna burza w nocy, kwaśnych wiśni smak;coma
Narwana i skoczna wrona;coma
On w oczach ma zło.;coma
Będziemy tańczyć z sobą upojeni.;czadoman
Kałuże, chlup,;coma
Jak by ktoś garścią bozonów;coma
modlitwa jest z wzniosłości dzwonów;coma
Moja bejbe… tak nazywam ją;czadoman
One, to one, bliźniaczki szałowe;czadoman
zgromadziły się złowrogie chmury;coma
jestem dziś;czadoman
Nie pomnę...;coma
W środę Anka, może będzie jeszcze Krycha,;czadoman
Lubisz bardzo, szybkie jazdy!;czadoman
Lubisz pisma, kolorowe!;czadoman
W jakiejś kolejnej,;coma
Tamten zgodził się od razu;coma
Wwiercam wzrok w widnokrąg;coma
Przejąłem wła...hm, hm;coma
Dokąd płynie niekochana Łódź?;coma
jestem dziś;czadoman
A teraz się yeah yeah;czadoman
Niezniekształcone gwałtownością spraw;coma
W postaci mgły;coma
Chmury zguby na łby, tak, tak!;coma
Dzisiaj nikomu nie damy szans;czadoman
Jak to jest?;czadoman
Moja bejbe, o niej wszyscy śnią;czadoman
Wspomnienie treści...;coma
Może nie jedna, lecz dwie.;czadoman
jestem dziś;czadoman
Dzisiaj nad parkietem nikt się nie lituje;czadoman
W oczy sypnął;coma
0Rh+;coma
Przedrze się lęk odejmując mu treści.;coma
Nie ma jak.;coma
No wstyd!;coma
Abym się wyrzec miał;coma
Światła zlewają się u stóp;coma
Rozluźnij się pan,;coma
Moja zmieszana krew;coma
Bo to jest miłość;czadoman
Ja nie chcę, ja nie chcę dalej tam tkwić;coma
0Rh+;coma
Chwila wytchnienia mimo spraw;coma
Chwała wyklętej wiośnie, nie będzie, nie będzie rodzić kwiatów;coma
I zwiał.;coma
A we mnie skrzył się;coma
Jaaaaa aa aa aa ja;coma
Ruda tańczy jak szalona.;czadoman
W moralną nędzę z erotycznym cię kontekstem pcha.;coma
Zatopionej w ustach;coma
Zawstydził się i znikł,;coma
jestem dziś;czadoman
przy mnie maleńka;czadoman
I wył jak pies;coma
Oglądałem je na Fashion TV;coma
Jestem man, Czadoman;czadoman
Jak spodki dwa,;coma
Z tej dziewczyny z Instagrama;czadoman
Od tego dnia o niej marzę;czadoman
No to daruj sobie i już!;coma
Sakraaaaaamencko;coma
Ooooo i mam dreszcze;coma
Za wszelką cenę,;coma
widok mnie powala;czadoman
Jak to jest, że Cię tutaj nie ma?;czadoman
Bo nie mogłem nie.;coma
może poznam parę dziewczyn obdarzonych.;czadoman
Skrzy się lśni,;coma
Przepełnieni sobą wzajem, pod stopami mamy świat;coma
Gdy utopisz lęk przed kolejnym dniem;czadoman
a rutynę zabić;czadoman
 Kiedy jesteś roześmiana, wtedy jesteś taka kochana!;czadoman
z niecierpliwości strun spragnionych;coma
Przed głodem ochrona;coma
W szorstkości swe;coma
tańcz, tańcz;czadoman
Jasno jak na zimę w Sylwestra;coma
W najdalszym z krańców rzeczy;coma
Powtarzałem nieustannie;coma
Wskroś okolicy,;coma
To tak to, to, tak to, to;coma
Może nie jedna, lecz dwie.;czadoman
bądź doskonała;czadoman
Ale niepotrzebne te bikini kolorowe.;czadoman
ja jestem twoim czadoman’en;czadoman
I we mnie zaczyna osad jakiś;coma
Pewnie ktoś kto tego słucha, znów strzeli z ucha;czadoman
Dokąd płynie miasto moich snów?;coma
Mam uchronić się;coma
ludzi pełna sala;czadoman
Myśli okiełznałem czule;coma
Unikalny zapis najważniejszych spraw;coma
Tak się bawisz ty i ja;czadoman
Bym ich wysłuchał,;coma
tańcz, tańcz;czadoman
Jest już lato...;czadoman
które od bólu łzami pękną;coma
twoim Czadoman’en;czadoman
Do czego to, czego to, czego doszło, przyszło?;coma
Więc tańcz, tańcz;czadoman
Krystalizować się, wytrącać;coma
To obok żwirowni,;coma
już nie zapomnę tej Pani!.;czadoman
Nowy, pokojowy, zdrowy duch./ Pomiędzy czarne wrony.;coma
Spomiędzy drzew;coma
przeglądała się w jeziorach.;coma
Trochę Ciebie na własność, bym gdy wrócę nie pragnął...tak bardzo...;coma
odsprzedała przeniebieską;coma
przed kapliczką tam błagała;coma
W Widokówce z tego świata.;coma
Która pokocha dziś mnie?;czadoman
do pierwszego zakochania ...;coma
Fantazja;coma
Noc jest z milczenia skrzydeł ptasich;coma
a rutynę zabić;czadoman
Lawina uczuć do ciebie gna;czadoman
A blaskiem nikłym;coma
W miejscu gdzie stoję ginie kształt;coma
Poprawiam garnitur,podciągam spodnie;czadoman
Obudź się, szkoda dnia;czadoman
Chętnie utoczę sobie krwi.;coma
Bez lęku język wetknie, złe intencje ma jak nic.;coma
Gorzki oddech, piwo i fajki;coma
Zostań tu, zostań tu na chwilę;czadoman
Zgadnij gdzie bawimy się;czadoman
bo ta impreza to nie byle co;czadoman
Zostań tu, zostań tu na chwilę;czadoman
Zadumała się dziewczyna;coma
Między drogami, które znasz;coma
pod gniewem rozpalonych dłoni;coma
Stoję pod drzwiami,deszcz na mnie pada;czadoman
z zadumy kaplic i organów;coma
Słodki losie, jak;coma
Dokąd płynie odrapany wrak?;coma
damy radę i dzwonimy do Jagody.;czadoman
Celuję, celuję w ciebie palcem;coma
laalalala...;coma
moje życie ma sens;czadoman
Tam klon był trzasł,;coma
Jest już lato...;czadoman
W godzinie naszego spotkania;coma
Tak ja nieustannie czekam,może coś się zmieni;czadoman
Bo to miłość jest;czadoman
Oto Cisza i ogień - wytchnienie mimo;coma
jestem dziś;czadoman
Przestawił szyk, zaburzył rytm,;coma
A może w niebie?!;czadoman
Tak się bawi, tak się bawi cały świat;czadoman
Pozwól mi zbliżyć się do siebie;czadoman
Życzenia zbożne,;coma
Bezpiecznie trwać.;coma
On mówi mi, że straciłem życia smak;czadoman
Sukces ordynarną ma twarz. / czego to oni to czego, czego to oni to nie wymyślą;coma
Chociaż dobrze wiem, że za chwilę będzie mało;czadoman
ja jestem superbohaterm;czadoman
Mam tylko jeden na to sposób;czadoman
Jak to jest, że Cię tutaj nie ma?;czadoman
a teraz się yeah yeah;czadoman
Ruda tańczy jak szalona,;czadoman
,,Na, na, na,;coma
Polana to;coma
Z wenflonu, przez rurkę;coma
Westchnieniem,;coma
twoim przyjacielem;czadoman
Ja najbardziej lubię cię, a ja najbardziej lubię cię!;czadoman
Myślałem, że to ruda czyni ze mną cuda;czadoman
Chłodem i jego zapachem;coma
Co robić mam, by zagoić tyle ran?;czadoman
Białe krowy, znak odnowy głów. / Pomiędzy czarne wrony.;coma
Nie przekonuj mnie na siłę;coma
jeszcze wczoraj byłem razem z nimi w raju.;czadoman
Nowy, pokojowy, zdrowy duch. / Pomiędzy czarne wrony.;coma
(taka kochana!);czadoman
nie ma we mnie zła;coma
A będzie Ci lepiej niż w niebie;czadoman
Jeżeli słyszysz nie zwlekaj;coma
duje Łeb!;coma
które od bólu łzami pękną;coma
Ole, ole, ole, ole;czadoman
Nie przez bibułę,;coma
I kret kosmaty,;coma
Białe ich brzuchy, brudne paluchy;coma
Podchodzi świerszczyk tymczasem;coma
Z sufitem na podobieństwo nocy;coma
Ciężki łeb.;coma
Ty tlen mi dostarczysz;coma
Moja bejbe, taki piękny kwiat;czadoman
A teraz się yeah yeah;czadoman
Samotne głowy uzbrojone w żal;coma
nam to nie przeszkadza;czadoman
które od bólu łzami pękną;coma
Tu można dostać w dziób.;coma
Póki co całą słodycz gwiazd Tobie dam...;coma
Upijać i wciągać do łóżka;coma
I nie mów, że nie wypada.;czadoman
Huczna, nocna uczta, wilgotna,;coma
ja i ty;czadoman
Hej kochanie, zerknij w lustro (2 x);czadoman
Pobawimy się w myszkę i kotka;czadoman
Ile byłoby mnie? Lub o ile by mniej? O ile by mniej?;coma
Popatrz mam, mam na życie bilet;czadoman
Czy jutro gdy spojrzę na siebie;coma
Idę sam gubię się, mijam miasto wieś;czadoman
Pokochaj mnie, niech wszyscy to zobaczą.;czadoman
Zapamięta, niech zapamięta.;coma
W bramach czai się zło.;coma
Tego co jeszcze we mnie;coma
Bo to jest miłość;czadoman
Pozostały już tylko paskudy;coma
Dookola jeszcze czarno i biało,;czadoman
Zapiera dech ona kręci mnie;czadoman
Tak się bawi, tak się bawi cały świat;czadoman
To nie jest sen;czadoman
Gdy tylko poczują, że robi się cieplej;coma
A przyjdzie czas, przyjdzie, próby czas;coma
Polacy nigdy nie poddają się;czadoman
z niecierpliwości strun spragnionych;coma
Listo pad,;coma
Tutaj się właśnie zaczęło;coma
Oto cisza i ogień!;coma
Bo to jest miłość;czadoman
Przez korytarz betonowych spraw;coma
po to by Cię bawić;czadoman
Choć jesteś tu, czuję, że jestem sam;czadoman
Czy tego chcesz czy nie;czadoman
Żubr fakt,;coma
Nie wykaaaraskasz się pan.;coma
Łysnął?;coma
Nowy, pokojowy, zdrowy duch.;coma
I w trosce o zdrowie;coma
a czas wolno płynie;czadoman
W listowiu swojski;coma
Twa uroda to oszustwo;czadoman
Czarne chmury nad głową,;coma
Janka wbiły w złą tęsknotę;coma
Baba z brodą wyje jak pies,;coma
superbohaterem;czadoman
Nabawisz się pan skrzepu;coma
Każdy śni, o Tobie marzy;czadoman
To strzęp księżyca;coma
I rozrzucam na wiatr;coma
Pozwalałem ci na wszystko;coma
Pomimo ciszy i cienia;coma
a teraz woah woah woah;czadoman
Nie krzyczą dookoła: jestem sam;czadoman
Będzie dzisiaj niezły jazz;czadoman
Moja bejbe, tak nazywam ją;czadoman
Kocham was, mówię szczerze, choć w tę miłość sam nie wierzę.;czadoman
Stoję i moknę a krawat uwiera;czadoman
To las tak szumi,;coma
Jak to jest?;czadoman
Większej ciszy nikt nie słyszał, teraz wiem gdzie mieszka Bóg...;coma
Plecy zziębnięte, bolesne,;coma
tańcz, tańcz;czadoman
Ale pomyliłem się;czadoman
Polacy, Polacy, Polacy;czadoman
Gdy budzisz się rano i nie wiesz jak żyć;czadoman
Odpowiedzią będzie cisza ... oszalałych niemych ust;coma
Wtłoczony lekko w obcy nurt;coma
Tak, tak!;coma
Z bezmyślnej szarpaniny;coma
A w sobotę na imprezie u znajomych,;czadoman
z różańca wpół uśpionych domów;coma
Z rudą noce są wspaniałe!;czadoman
Ruda okazała sie być blondyną,;czadoman
Rzadki okaz,;coma
Na tobie tak piękne są;czadoman
A my z harmonii i rozdźwięku;coma
Szukam ludzi, którzy wciąż kochają;czadoman
A przyjdzie czas, przyjdzie, próby;coma
Tak się bawi, tak się bawi cały świat;czadoman
Chciałbym zatańczyć, zanim wieczór minie.;czadoman
modre oczy zwiodły Zbycha;coma
Inie mów, że nie wypada.;czadoman
Oto cisza i ogień.;coma
Jak to jest? Wokół puste ściany;czadoman
Na pośmiewisko.;coma
po to by Cię bawić;czadoman
Gdy śpiewać zaczęła do ucha;coma
Powstał sam,;coma
Bóg go teraz nie chce w niebie.;coma
Po co się budzić gdy życie się chłodzi;czadoman
0Rh+;coma
Przejąłem władzę;coma
Czy długo tak?;coma
Zanim na psy, manowce zejdziesz. / To dla twojego dobra.;coma
zaufaj mi;czadoman
Król lasu;coma
Z tym ciśnieniem;coma
Zamknięta w systemie rurek,;coma
Na pewno nie wiem co dalej;coma
We mnie i w tobie.;coma
Pokój bez widoków na przyszłość;coma
Wiodą słusznie moje stopy, nie zabraknie mi sił;coma
Pozwól mi i wpuść mnie do środka;czadoman
Do tego mi wystarczy;coma
Pozwól mi zbliżyć się do siebie;czadoman
Pożałowania godna puenta.;coma
na pewno trzeba;coma
z brzóz przedwieczornych;coma
ja idę w świetle dnia;coma
 Kiedy jesteś roześmiana, wtedy jesteś taka kochana!;czadoman
W gwiazdozbiorze tym;coma
Urok wdzięk jak z obrazka;czadoman
Łypiąc okiem,;coma
Chwała wyklętym nauczycielom, niczego nas nie nauczyli;coma
Oto Cisza i ogień - to we mnie i;coma
Kiedy jesteś roześmiana?! Wtedy jesteś taka kochana!;czadoman
Ile byłoby mnie? Lub o ile by mniej? O ile by mniej?;coma
Ale będziesz bez napomnień;coma
specjalnie dla Ciebie zerwane na łące;czadoman
bo w serduszku kamień miała.;coma
Kocham was, mówię szczerze, choć w tę miłość sam nie wierzę.;czadoman
chociaż one ciągle walą do mnie focha.;czadoman
ja jestem superbohaterm;czadoman
Rzeczy bieg.;coma
Zza klonu wylazł;coma
Jeszcze raz przyjdzie czas, w którym głośno;czadoman
które stoją nad cichą rzeką zamyślenia;coma
Niósł szklisty pył;coma
a rutynę zabić;czadoman
One, to one, bliźniaczki szałowe;czadoman
Że tak się źle zachował, / To dla twojego dobra.;coma
One, to one, bliźniaczki szałowe;czadoman
Zapomniałem, że ja...;coma
pójść nie chciała i za Pana.;coma
W Twoim glosie słyszę szept,;czadoman
gwiazdy z mądrości swoich oczu;coma
Nasycam się dniem.;coma
Lubisz śpiewać aż do rana!;czadoman
Między drogami, które znasz;coma
W białej pościeli zanurzeni;czadoman
Przyjęła mnie;coma
Która pokocha dziś mnie?;czadoman
Taniec;czadoman
Moja bejbe, o niej wszyscy śnią;czadoman
W roztargnieniu na śmierć;coma
Na liści strzępkach;coma
Polacy nigdy nie poddają się;czadoman
Witając mnie.;coma
